C_step,C_exx,C_eyy,C_exy,C_rix,C_riy,C_rjx,C_rjy,C_rr_absx,C_rr_absy,C_rr_abs,C_rr_minx,C_rr_miny,C_rr_min,C_rr_fixx,C_rr_fixy,C_rr_fix,C_v1x,C_v1y,C_v2x,C_v2y,C_Lx,C_Ly,C_Dxy,
0.000000,0.000000,0.000000,0.000000,0.000000,0.000000,0.000000,12.500000,0.000000,12.500000,12.500000,0.000000,2.500000,2.500000,0.000000,2.500000,2.500000,10.000000,0.000000,0.000000,10.000000,10.000000,10.000000,0.000000,
 1.0000 , 0.0000 , 0.0100 , 0.0000 , 0.0000 , 0.0000 , 0.0000 , 12.5000, 0.0000 , 12.5000, 12.5000, 0.0000 , 2.4000 , 2.4000 , 0.0000 , 2.5000 , 2.5000 , 10.0000, 0.0000 , 0.0000 , 10.1000, 10.0000, 10.1000, 0.0000 ,
 2.0000 , 0.0000 , 0.0200 , 0.0000 , 0.0000 , 0.0000 , 0.0000 , 12.5000, 0.0000 , 12.5000, 12.5000, 0.0000 , 2.3000 , 2.3000 , 0.0000 , 2.5000 , 2.5000 , 10.0000, 0.0000 , 0.0000 , 10.2000, 10.0000, 10.2000, 0.0000 ,
 3.0000 , 0.0000 , 0.0300 , 0.0000 , 0.0000 , 0.0000 , 0.0000 , 12.5000, 0.0000 , 12.5000, 12.5000, 0.0000 , 2.2000 , 2.2000 , 0.0000 , 2.5000 , 2.5000 , 10.0000, 0.0000 , 0.0000 , 10.3000, 10.0000, 10.3000, 0.0000 ,
 4.0000 , 0.0000 , 0.0400 , 0.0000 , 0.0000 , 0.0000 , 0.0000 , 12.5000, 0.0000 , 12.5000, 12.5000, 0.0000 , 2.1000 , 2.1000 , 0.0000 , 2.5000 , 2.5000 , 10.0000, 0.0000 , 0.0000 , 10.4000, 10.0000, 10.4000, 0.0000 ,
 5.0000 , 0.0000 , 0.0500 , 0.0000 , 0.0000 , 0.0000 , 0.0000 , 12.5000, 0.0000 , 12.5000, 12.5000, 0.0000 , 2.0000 , 2.0000 , 0.0000 , 2.5000 , 2.5000 , 10.0000, 0.0000 , 0.0000 , 10.5000, 10.0000, 10.5000, 0.0000 ,
 6.0000 , 0.0000 , 0.0600 , 0.0000 , 0.0000 , 0.0000 , 0.0000 , 12.5000, 0.0000 , 12.5000, 12.5000, 0.0000 , 1.9000 , 1.9000 , 0.0000 , 2.5000 , 2.5000 , 10.0000, 0.0000 , 0.0000 , 10.6000, 10.0000, 10.6000, 0.0000 ,
 7.0000 , 0.0000 , 0.0700 , 0.0000 , 0.0000 , 0.0000 , 0.0000 , 12.5000, 0.0000 , 12.5000, 12.5000, 0.0000 , 1.8000 , 1.8000 , 0.0000 , 2.5000 , 2.5000 , 10.0000, 0.0000 , 0.0000 , 10.7000, 10.0000, 10.7000, 0.0000 ,
 8.0000 , 0.0000 , 0.0800 , 0.0000 , 0.0000 , 0.0000 , 0.0000 , 12.5000, 0.0000 , 12.5000, 12.5000, 0.0000 , 1.7000 , 1.7000 , 0.0000 , 2.5000 , 2.5000 , 10.0000, 0.0000 , 0.0000 , 10.8000, 10.0000, 10.8000, 0.0000 ,
 9.0000 , 0.0000 , 0.0900 , 0.0000 , 0.0000 , 0.0000 , 0.0000 , 12.5000, 0.0000 , 12.5000, 12.5000, 0.0000 , 1.6000 , 1.6000 , 0.0000 , 2.5000 , 2.5000 , 10.0000, 0.0000 , 0.0000 , 10.9000, 10.0000, 10.9000, 0.0000 ,
 10.0000, 0.0000 , 0.1000 , 0.0000 , 0.0000 , 0.0000 , 0.0000 , 12.5000, 0.0000 , 12.5000, 12.5000, 0.0000 , 1.5000 , 1.5000 , 0.0000 , 2.5000 , 2.5000 , 10.0000, 0.0000 , 0.0000 , 11.0000, 10.0000, 11.0000, 0.0000 ,
 11.0000, 0.0000 , 0.1100 , 0.0000 , 0.0000 , 0.0000 , 0.0000 , 12.5000, 0.0000 , 12.5000, 12.5000, 0.0000 , 1.4000 , 1.4000 , 0.0000 , 2.5000 , 2.5000 , 10.0000, 0.0000 , 0.0000 , 11.1000, 10.0000, 11.1000, 0.0000 ,
 12.0000, 0.0000 , 0.1200 , 0.0000 , 0.0000 , 0.0000 , 0.0000 , 12.5000, 0.0000 , 12.5000, 12.5000, 0.0000 , 1.3000 , 1.3000 , 0.0000 , 2.5000 , 2.5000 , 10.0000, 0.0000 , 0.0000 , 11.2000, 10.0000, 11.2000, 0.0000 ,
 13.0000, 0.0000 , 0.1300 , 0.0000 , 0.0000 , 0.0000 , 0.0000 , 12.5000, 0.0000 , 12.5000, 12.5000, 0.0000 , 1.2000 , 1.2000 , 0.0000 , 2.5000 , 2.5000 , 10.0000, 0.0000 , 0.0000 , 11.3000, 10.0000, 11.3000, 0.0000 ,
 14.0000, 0.0000 , 0.1400 , 0.0000 , 0.0000 , 0.0000 , 0.0000 , 12.5000, 0.0000 , 12.5000, 12.5000, 0.0000 , 1.1000 , 1.1000 , 0.0000 , 2.5000 , 2.5000 , 10.0000, 0.0000 , 0.0000 , 11.4000, 10.0000, 11.4000, 0.0000 ,
 15.0000, 0.0000 , 0.1500 , 0.0000 , 0.0000 , 0.0000 , 0.0000 , 12.5000, 0.0000 , 12.5000, 12.5000, 0.0000 , 1.0000 , 1.0000 , 0.0000 , 2.5000 , 2.5000 , 10.0000, 0.0000 , 0.0000 , 11.5000, 10.0000, 11.5000, 0.0000 ,
 16.0000, 0.0000 , 0.1600 , 0.0000 , 0.0000 , 0.0000 , 0.0000 , 12.5000, 0.0000 , 12.5000, 12.5000, 0.0000 , 0.9000 , 0.9000 , 0.0000 , 2.5000 , 2.5000 , 10.0000, 0.0000 , 0.0000 , 11.6000, 10.0000, 11.6000, 0.0000 ,
 17.0000, 0.0000 , 0.1700 , 0.0000 , 0.0000 , 0.0000 , 0.0000 , 12.5000, 0.0000 , 12.5000, 12.5000, 0.0000 , 0.8000 , 0.8000 , 0.0000 , 2.5000 , 2.5000 , 10.0000, 0.0000 , 0.0000 , 11.7000, 10.0000, 11.7000, 0.0000 ,
 18.0000, 0.0000 , 0.1800 , 0.0000 , 0.0000 , 0.0000 , 0.0000 , 12.5000, 0.0000 , 12.5000, 12.5000, 0.0000 , 0.7000 , 0.7000 , 0.0000 , 2.5000 , 2.5000 , 10.0000, 0.0000 , 0.0000 , 11.8000, 10.0000, 11.8000, 0.0000 ,
 19.0000, 0.0000 , 0.1900 , 0.0000 , 0.0000 , 0.0000 , 0.0000 , 12.5000, 0.0000 , 12.5000, 12.5000, 0.0000 , 0.6000 , 0.6000 , 0.0000 , 2.5000 , 2.5000 , 10.0000, 0.0000 , 0.0000 , 11.9000, 10.0000, 11.9000, 0.0000 ,
 20.0000, 0.0000 , 0.2000 , 0.0000 , 0.0000 , 0.0000 , 0.0000 , 12.5000, 0.0000 , 12.5000, 12.5000, 0.0000 , 0.5000 , 0.5000 , 0.0000 , 2.5000 , 2.5000 , 10.0000, 0.0000 , 0.0000 , 12.0000, 10.0000, 12.0000, 0.0000 ,
 21.0000, 0.0000 , 0.2100 , 0.0000 , 0.0000 , 0.0000 , 0.0000 , 12.5000, 0.0000 , 12.5000, 12.5000, 0.0000 , 0.4000 , 0.4000 , 0.0000 , 2.5000 , 2.5000 , 10.0000, 0.0000 , 0.0000 , 12.1000, 10.0000, 12.1000, 0.0000 ,
 22.0000, 0.0000 , 0.2200 , 0.0000 , 0.0000 , 0.0000 , 0.0000 , 12.5000, 0.0000 , 12.5000, 12.5000, 0.0000 , 0.3000 , 0.3000 , 0.0000 , 2.5000 , 2.5000 , 10.0000, 0.0000 , 0.0000 , 12.2000, 10.0000, 12.2000, 0.0000 ,
 23.0000, 0.0000 , 0.2300 , 0.0000 , 0.0000 , 0.0000 , 0.0000 , 12.5000, 0.0000 , 12.5000, 12.5000, 0.0000 , 0.2000 , 0.2000 , 0.0000 , 2.5000 , 2.5000 , 10.0000, 0.0000 , 0.0000 , 12.3000, 10.0000, 12.3000, 0.0000 ,
 24.0000, 0.0000 , 0.2400 , 0.0000 , 0.0000 , 0.0000 , 0.0000 , 12.5000, 0.0000 , 12.5000, 12.5000, 0.0000 , 0.1000 , 0.1000 , 0.0000 , 2.5000 , 2.5000 , 10.0000, 0.0000 , 0.0000 , 12.4000, 10.0000, 12.4000, 0.0000 ,
 25.0000, 0.0000 , 0.2500 , 0.0000 , 0.0000 , 0.0000 , 0.0000 , 12.5000, 0.0000 , 12.5000, 12.5000, 0.0000 , 0.0000 , 0.0000 , 0.0000 , 2.5000 , 2.5000 , 10.0000, 0.0000 , 0.0000 , 12.5000, 10.0000, 12.5000, 0.0000 ,
 26.0000, 0.0000 , 0.2600 , 0.0000 , 0.0000 , 0.0000 , 0.0000 , 12.5000, 0.0000 , 12.5000, 12.5000, 0.0000 , -0.1000, 0.1000 , 0.0000 , 2.5000 , 2.5000 , 10.0000, 0.0000 , 0.0000 , 12.6000, 10.0000, 12.6000, 0.0000 ,
 27.0000, 0.0000 , 0.2700 , 0.0000 , 0.0000 , 0.0000 , 0.0000 , 12.5000, 0.0000 , 12.5000, 12.5000, 0.0000 , -0.2000, 0.2000 , 0.0000 , 2.5000 , 2.5000 , 10.0000, 0.0000 , 0.0000 , 12.7000, 10.0000, 12.7000, 0.0000 ,
 28.0000, 0.0000 , 0.2800 , 0.0000 , 0.0000 , 0.0000 , 0.0000 , 12.5000, 0.0000 , 12.5000, 12.5000, 0.0000 , -0.3000, 0.3000 , 0.0000 , 2.5000 , 2.5000 , 10.0000, 0.0000 , 0.0000 , 12.8000, 10.0000, 12.8000, 0.0000 ,
 29.0000, 0.0000 , 0.2900 , 0.0000 , 0.0000 , 0.0000 , 0.0000 , 12.5000, 0.0000 , 12.5000, 12.5000, 0.0000 , -0.4000, 0.4000 , 0.0000 , 2.5000 , 2.5000 , 10.0000, 0.0000 , 0.0000 , 12.9000, 10.0000, 12.9000, 0.0000 ,
 30.0000, 0.0000 , 0.3000 , 0.0000 , 0.0000 , 0.0000 , 0.0000 , 12.5000, 0.0000 , 12.5000, 12.5000, 0.0000 , -0.5000, 0.5000 , 0.0000 , 2.5000 , 2.5000 , 10.0000, 0.0000 , 0.0000 , 13.0000, 10.0000, 13.0000, 0.0000 ,
 31.0000, 0.0000 , 0.3100 , 0.0000 , 0.0000 , 0.0000 , 0.0000 , 12.5000, 0.0000 , 12.5000, 12.5000, 0.0000 , -0.6000, 0.6000 , 0.0000 , 2.5000 , 2.5000 , 10.0000, 0.0000 , 0.0000 , 13.1000, 10.0000, 13.1000, 0.0000 ,
 32.0000, 0.0000 , 0.3200 , 0.0000 , 0.0000 , 0.0000 , 0.0000 , 12.5000, 0.0000 , 12.5000, 12.5000, 0.0000 , -0.7000, 0.7000 , 0.0000 , 2.5000 , 2.5000 , 10.0000, 0.0000 , 0.0000 , 13.2000, 10.0000, 13.2000, 0.0000 ,
 33.0000, 0.0000 , 0.3300 , 0.0000 , 0.0000 , 0.0000 , 0.0000 , 12.5000, 0.0000 , 12.5000, 12.5000, 0.0000 , -0.8000, 0.8000 , 0.0000 , 2.5000 , 2.5000 , 10.0000, 0.0000 , 0.0000 , 13.3000, 10.0000, 13.3000, 0.0000 ,
 34.0000, 0.0000 , 0.3400 , 0.0000 , 0.0000 , 0.0000 , 0.0000 , 12.5000, 0.0000 , 12.5000, 12.5000, 0.0000 , -0.9000, 0.9000 , 0.0000 , 2.5000 , 2.5000 , 10.0000, 0.0000 , 0.0000 , 13.4000, 10.0000, 13.4000, 0.0000 ,
 35.0000, 0.0000 , 0.3500 , 0.0000 , 0.0000 , 0.0000 , 0.0000 , 12.5000, 0.0000 , 12.5000, 12.5000, 0.0000 , -1.0000, 1.0000 , 0.0000 , 2.5000 , 2.5000 , 10.0000, 0.0000 , 0.0000 , 13.5000, 10.0000, 13.5000, 0.0000 ,
 36.0000, 0.0000 , 0.3600 , 0.0000 , 0.0000 , 0.0000 , 0.0000 , 12.5000, 0.0000 , 12.5000, 12.5000, 0.0000 , -1.1000, 1.1000 , 0.0000 , 2.5000 , 2.5000 , 10.0000, 0.0000 , 0.0000 , 13.6000, 10.0000, 13.6000, 0.0000 ,
 37.0000, 0.0000 , 0.3700 , 0.0000 , 0.0000 , 0.0000 , 0.0000 , 12.5000, 0.0000 , 12.5000, 12.5000, 0.0000 , -1.2000, 1.2000 , 0.0000 , 2.5000 , 2.5000 , 10.0000, 0.0000 , 0.0000 , 13.7000, 10.0000, 13.7000, 0.0000 ,
 38.0000, 0.0000 , 0.3800 , 0.0000 , 0.0000 , 0.0000 , 0.0000 , 12.5000, 0.0000 , 12.5000, 12.5000, 0.0000 , -1.3000, 1.3000 , 0.0000 , 2.5000 , 2.5000 , 10.0000, 0.0000 , 0.0000 , 13.8000, 10.0000, 13.8000, 0.0000 ,
 39.0000, 0.0000 , 0.3900 , 0.0000 , 0.0000 , 0.0000 , 0.0000 , 12.5000, 0.0000 , 12.5000, 12.5000, 0.0000 , -1.4000, 1.4000 , 0.0000 , 2.5000 , 2.5000 , 10.0000, 0.0000 , 0.0000 , 13.9000, 10.0000, 13.9000, 0.0000 ,
 40.0000, 0.0000 , 0.4000 , 0.0000 , 0.0000 , 0.0000 , 0.0000 , 12.5000, 0.0000 , 12.5000, 12.5000, 0.0000 , -1.5000, 1.5000 , 0.0000 , 2.5000 , 2.5000 , 10.0000, 0.0000 , 0.0000 , 14.0000, 10.0000, 14.0000, 0.0000 ,
 41.0000, 0.0000 , 0.4100 , 0.0000 , 0.0000 , 0.0000 , 0.0000 , 12.5000, 0.0000 , 12.5000, 12.5000, 0.0000 , -1.6000, 1.6000 , 0.0000 , 2.5000 , 2.5000 , 10.0000, 0.0000 , 0.0000 , 14.1000, 10.0000, 14.1000, 0.0000 ,
 42.0000, 0.0000 , 0.4200 , 0.0000 , 0.0000 , 0.0000 , 0.0000 , 12.5000, 0.0000 , 12.5000, 12.5000, 0.0000 , -1.7000, 1.7000 , 0.0000 , 2.5000 , 2.5000 , 10.0000, 0.0000 , 0.0000 , 14.2000, 10.0000, 14.2000, 0.0000 ,
 43.0000, 0.0000 , 0.4300 , 0.0000 , 0.0000 , 0.0000 , 0.0000 , 12.5000, 0.0000 , 12.5000, 12.5000, 0.0000 , -1.8000, 1.8000 , 0.0000 , 2.5000 , 2.5000 , 10.0000, 0.0000 , 0.0000 , 14.3000, 10.0000, 14.3000, 0.0000 ,
 44.0000, 0.0000 , 0.4400 , 0.0000 , 0.0000 , 0.0000 , 0.0000 , 12.5000, 0.0000 , 12.5000, 12.5000, 0.0000 , -1.9000, 1.9000 , 0.0000 , 2.5000 , 2.5000 , 10.0000, 0.0000 , 0.0000 , 14.4000, 10.0000, 14.4000, 0.0000 ,
 45.0000, 0.0000 , 0.4500 , 0.0000 , 0.0000 , 0.0000 , 0.0000 , 12.5000, 0.0000 , 12.5000, 12.5000, 0.0000 , -2.0000, 2.0000 , 0.0000 , 2.5000 , 2.5000 , 10.0000, 0.0000 , 0.0000 , 14.5000, 10.0000, 14.5000, 0.0000 ,
 46.0000, 0.0000 , 0.4600 , 0.0000 , 0.0000 , 0.0000 , 0.0000 , 12.5000, 0.0000 , 12.5000, 12.5000, 0.0000 , -2.1000, 2.1000 , 0.0000 , 2.5000 , 2.5000 , 10.0000, 0.0000 , 0.0000 , 14.6000, 10.0000, 14.6000, 0.0000 ,
 47.0000, 0.0000 , 0.4700 , 0.0000 , 0.0000 , 0.0000 , 0.0000 , 12.5000, 0.0000 , 12.5000, 12.5000, 0.0000 , -2.2000, 2.2000 , 0.0000 , 2.5000 , 2.5000 , 10.0000, 0.0000 , 0.0000 , 14.7000, 10.0000, 14.7000, 0.0000 ,
 48.0000, 0.0000 , 0.4800 , 0.0000 , 0.0000 , 0.0000 , 0.0000 , 12.5000, 0.0000 , 12.5000, 12.5000, 0.0000 , -2.3000, 2.3000 , 0.0000 , 2.5000 , 2.5000 , 10.0000, 0.0000 , 0.0000 , 14.8000, 10.0000, 14.8000, 0.0000 ,
 49.0000, 0.0000 , 0.4900 , 0.0000 , 0.0000 , 0.0000 , 0.0000 , 12.5000, 0.0000 , 12.5000, 12.5000, 0.0000 , -2.4000, 2.4000 , 0.0000 , 2.5000 , 2.5000 , 10.0000, 0.0000 , 0.0000 , 14.9000, 10.0000, 14.9000, 0.0000 ,
 50.0000, 0.0000 , 0.5000 , 0.0000 , 0.0000 , 0.0000 , 0.0000 , 12.5000, 0.0000 , 12.5000, 12.5000, 0.0000 , -2.5000, 2.5000 , 0.0000 , 2.5000 , 2.5000 , 10.0000, 0.0000 , 0.0000 , 15.0000, 10.0000, 15.0000, 0.0000 ,
 51.0000, 0.0000 , 0.5100 , 0.0000 , 0.0000 , 0.0000 , 0.0000 , 12.5000, 0.0000 , 12.5000, 12.5000, 0.0000 , -2.6000, 2.6000 , 0.0000 , 2.5000 , 2.5000 , 10.0000, 0.0000 , 0.0000 , 15.1000, 10.0000, 15.1000, 0.0000 ,
 52.0000, 0.0000 , 0.5200 , 0.0000 , 0.0000 , 0.0000 , 0.0000 , 12.5000, 0.0000 , 12.5000, 12.5000, 0.0000 , -2.7000, 2.7000 , 0.0000 , 2.5000 , 2.5000 , 10.0000, 0.0000 , 0.0000 , 15.2000, 10.0000, 15.2000, 0.0000 ,
 53.0000, 0.0000 , 0.5300 , 0.0000 , 0.0000 , 0.0000 , 0.0000 , 12.5000, 0.0000 , 12.5000, 12.5000, 0.0000 , -2.8000, 2.8000 , 0.0000 , 2.5000 , 2.5000 , 10.0000, 0.0000 , 0.0000 , 15.3000, 10.0000, 15.3000, 0.0000 ,
 54.0000, 0.0000 , 0.5400 , 0.0000 , 0.0000 , 0.0000 , 0.0000 , 12.5000, 0.0000 , 12.5000, 12.5000, 0.0000 , -2.9000, 2.9000 , 0.0000 , 2.5000 , 2.5000 , 10.0000, 0.0000 , 0.0000 , 15.4000, 10.0000, 15.4000, 0.0000 ,
 55.0000, 0.0000 , 0.5500 , 0.0000 , 0.0000 , 0.0000 , 0.0000 , 12.5000, 0.0000 , 12.5000, 12.5000, 0.0000 , -3.0000, 3.0000 , 0.0000 , 2.5000 , 2.5000 , 10.0000, 0.0000 , 0.0000 , 15.5000, 10.0000, 15.5000, 0.0000 ,
 56.0000, 0.0000 , 0.5600 , 0.0000 , 0.0000 , 0.0000 , 0.0000 , 12.5000, 0.0000 , 12.5000, 12.5000, 0.0000 , -3.1000, 3.1000 , 0.0000 , 2.5000 , 2.5000 , 10.0000, 0.0000 , 0.0000 , 15.6000, 10.0000, 15.6000, 0.0000 ,
 57.0000, 0.0000 , 0.5700 , 0.0000 , 0.0000 , 0.0000 , 0.0000 , 12.5000, 0.0000 , 12.5000, 12.5000, 0.0000 , -3.2000, 3.2000 , 0.0000 , 2.5000 , 2.5000 , 10.0000, 0.0000 , 0.0000 , 15.7000, 10.0000, 15.7000, 0.0000 ,
 58.0000, 0.0000 , 0.5800 , 0.0000 , 0.0000 , 0.0000 , 0.0000 , 12.5000, 0.0000 , 12.5000, 12.5000, 0.0000 , -3.3000, 3.3000 , 0.0000 , 2.5000 , 2.5000 , 10.0000, 0.0000 , 0.0000 , 15.8000, 10.0000, 15.8000, 0.0000 ,
 59.0000, 0.0000 , 0.5900 , 0.0000 , 0.0000 , 0.0000 , 0.0000 , 12.5000, 0.0000 , 12.5000, 12.5000, 0.0000 , -3.4000, 3.4000 , 0.0000 , 2.5000 , 2.5000 , 10.0000, 0.0000 , 0.0000 , 15.9000, 10.0000, 15.9000, 0.0000 ,
 60.0000, 0.0000 , 0.6000 , 0.0000 , 0.0000 , 0.0000 , 0.0000 , 12.5000, 0.0000 , 12.5000, 12.5000, 0.0000 , -3.5000, 3.5000 , 0.0000 , 2.5000 , 2.5000 , 10.0000, 0.0000 , 0.0000 , 16.0000, 10.0000, 16.0000, 0.0000 ,
 61.0000, 0.0000 , 0.6100 , 0.0000 , 0.0000 , 0.0000 , 0.0000 , 12.5000, 0.0000 , 12.5000, 12.5000, 0.0000 , -3.6000, 3.6000 , 0.0000 , 2.5000 , 2.5000 , 10.0000, 0.0000 , 0.0000 , 16.1000, 10.0000, 16.1000, 0.0000 ,
 62.0000, 0.0000 , 0.6200 , 0.0000 , 0.0000 , 0.0000 , 0.0000 , 12.5000, 0.0000 , 12.5000, 12.5000, 0.0000 , -3.7000, 3.7000 , 0.0000 , 2.5000 , 2.5000 , 10.0000, 0.0000 , 0.0000 , 16.2000, 10.0000, 16.2000, 0.0000 ,
 63.0000, 0.0000 , 0.6300 , 0.0000 , 0.0000 , 0.0000 , 0.0000 , 12.5000, 0.0000 , 12.5000, 12.5000, 0.0000 , -3.8000, 3.8000 , 0.0000 , 2.5000 , 2.5000 , 10.0000, 0.0000 , 0.0000 , 16.3000, 10.0000, 16.3000, 0.0000 ,
 64.0000, 0.0000 , 0.6400 , 0.0000 , 0.0000 , 0.0000 , 0.0000 , 12.5000, 0.0000 , 12.5000, 12.5000, 0.0000 , -3.9000, 3.9000 , 0.0000 , 2.5000 , 2.5000 , 10.0000, 0.0000 , 0.0000 , 16.4000, 10.0000, 16.4000, 0.0000 ,
 65.0000, 0.0000 , 0.6500 , 0.0000 , 0.0000 , 0.0000 , 0.0000 , 12.5000, 0.0000 , 12.5000, 12.5000, 0.0000 , -4.0000, 4.0000 , 0.0000 , 2.5000 , 2.5000 , 10.0000, 0.0000 , 0.0000 , 16.5000, 10.0000, 16.5000, 0.0000 ,
 66.0000, 0.0000 , 0.6600 , 0.0000 , 0.0000 , 0.0000 , 0.0000 , 12.5000, 0.0000 , 12.5000, 12.5000, 0.0000 , -4.1000, 4.1000 , 0.0000 , 2.5000 , 2.5000 , 10.0000, 0.0000 , 0.0000 , 16.6000, 10.0000, 16.6000, 0.0000 ,
 67.0000, 0.0000 , 0.6700 , 0.0000 , 0.0000 , 0.0000 , 0.0000 , 12.5000, 0.0000 , 12.5000, 12.5000, 0.0000 , -4.2000, 4.2000 , 0.0000 , 2.5000 , 2.5000 , 10.0000, 0.0000 , 0.0000 , 16.7000, 10.0000, 16.7000, 0.0000 ,
 68.0000, 0.0000 , 0.6800 , 0.0000 , 0.0000 , 0.0000 , 0.0000 , 12.5000, 0.0000 , 12.5000, 12.5000, 0.0000 , -4.3000, 4.3000 , 0.0000 , 2.5000 , 2.5000 , 10.0000, 0.0000 , 0.0000 , 16.8000, 10.0000, 16.8000, 0.0000 ,
 69.0000, 0.0000 , 0.6900 , 0.0000 , 0.0000 , 0.0000 , 0.0000 , 12.5000, 0.0000 , 12.5000, 12.5000, 0.0000 , -4.4000, 4.4000 , 0.0000 , 2.5000 , 2.5000 , 10.0000, 0.0000 , 0.0000 , 16.9000, 10.0000, 16.9000, 0.0000 ,
 70.0000, 0.0000 , 0.7000 , 0.0000 , 0.0000 , 0.0000 , 0.0000 , 12.5000, 0.0000 , 12.5000, 12.5000, 0.0000 , -4.5000, 4.5000 , 0.0000 , 2.5000 , 2.5000 , 10.0000, 0.0000 , 0.0000 , 17.0000, 10.0000, 17.0000, 0.0000 ,
 71.0000, 0.0000 , 0.7100 , 0.0000 , 0.0000 , 0.0000 , 0.0000 , 12.5000, 0.0000 , 12.5000, 12.5000, 0.0000 , -4.6000, 4.6000 , 0.0000 , 2.5000 , 2.5000 , 10.0000, 0.0000 , 0.0000 , 17.1000, 10.0000, 17.1000, 0.0000 ,
 72.0000, 0.0000 , 0.7200 , 0.0000 , 0.0000 , 0.0000 , 0.0000 , 12.5000, 0.0000 , 12.5000, 12.5000, 0.0000 , -4.7000, 4.7000 , 0.0000 , 2.5000 , 2.5000 , 10.0000, 0.0000 , 0.0000 , 17.2000, 10.0000, 17.2000, 0.0000 ,
 73.0000, 0.0000 , 0.7300 , 0.0000 , 0.0000 , 0.0000 , 0.0000 , 12.5000, 0.0000 , 12.5000, 12.5000, 0.0000 , -4.8000, 4.8000 , 0.0000 , 2.5000 , 2.5000 , 10.0000, 0.0000 , 0.0000 , 17.3000, 10.0000, 17.3000, 0.0000 ,
 74.0000, 0.0000 , 0.7400 , 0.0000 , 0.0000 , 0.0000 , 0.0000 , 12.5000, 0.0000 , 12.5000, 12.5000, 0.0000 , -4.9000, 4.9000 , 0.0000 , 2.5000 , 2.5000 , 10.0000, 0.0000 , 0.0000 , 17.4000, 10.0000, 17.4000, 0.0000 ,
 75.0000, 0.0000 , 0.7500 , 0.0000 , 0.0000 , 0.0000 , 0.0000 , 12.5000, 0.0000 , 12.5000, 12.5000, 0.0000 , -5.0000, 5.0000 , 0.0000 , 2.5000 , 2.5000 , 10.0000, 0.0000 , 0.0000 , 17.5000, 10.0000, 17.5000, 0.0000 ,
 76.0000, 0.0000 , 0.7600 , 0.0000 , 0.0000 , 0.0000 , 0.0000 , 12.5000, 0.0000 , 12.5000, 12.5000, 0.0000 , -5.1000, 5.1000 , 0.0000 , 2.5000 , 2.5000 , 10.0000, 0.0000 , 0.0000 , 17.6000, 10.0000, 17.6000, 0.0000 ,
 77.0000, 0.0000 , 0.7700 , 0.0000 , 0.0000 , 0.0000 , 0.0000 , 12.5000, 0.0000 , 12.5000, 12.5000, 0.0000 , -5.2000, 5.2000 , 0.0000 , 2.5000 , 2.5000 , 10.0000, 0.0000 , 0.0000 , 17.7000, 10.0000, 17.7000, 0.0000 ,
 78.0000, 0.0000 , 0.7800 , 0.0000 , 0.0000 , 0.0000 , 0.0000 , 12.5000, 0.0000 , 12.5000, 12.5000, 0.0000 , -5.3000, 5.3000 , 0.0000 , 2.5000 , 2.5000 , 10.0000, 0.0000 , 0.0000 , 17.8000, 10.0000, 17.8000, 0.0000 ,
 79.0000, 0.0000 , 0.7900 , 0.0000 , 0.0000 , 0.0000 , 0.0000 , 12.5000, 0.0000 , 12.5000, 12.5000, 0.0000 , -5.4000, 5.4000 , 0.0000 , 2.5000 , 2.5000 , 10.0000, 0.0000 , 0.0000 , 17.9000, 10.0000, 17.9000, 0.0000 ,
 80.0000, 0.0000 , 0.8000 , 0.0000 , 0.0000 , 0.0000 , 0.0000 , 12.5000, 0.0000 , 12.5000, 12.5000, 0.0000 , -5.5000, 5.5000 , 0.0000 , 2.5000 , 2.5000 , 10.0000, 0.0000 , 0.0000 , 18.0000, 10.0000, 18.0000, 0.0000 ,
 81.0000, 0.0000 , 0.8100 , 0.0000 , 0.0000 , 0.0000 , 0.0000 , 12.5000, 0.0000 , 12.5000, 12.5000, 0.0000 , -5.6000, 5.6000 , 0.0000 , 2.5000 , 2.5000 , 10.0000, 0.0000 , 0.0000 , 18.1000, 10.0000, 18.1000, 0.0000 ,
 82.0000, 0.0000 , 0.8200 , 0.0000 , 0.0000 , 0.0000 , 0.0000 , 12.5000, 0.0000 , 12.5000, 12.5000, 0.0000 , -5.7000, 5.7000 , 0.0000 , 2.5000 , 2.5000 , 10.0000, 0.0000 , 0.0000 , 18.2000, 10.0000, 18.2000, 0.0000 ,
 83.0000, 0.0000 , 0.8300 , 0.0000 , 0.0000 , 0.0000 , 0.0000 , 12.5000, 0.0000 , 12.5000, 12.5000, 0.0000 , -5.8000, 5.8000 , 0.0000 , 2.5000 , 2.5000 , 10.0000, 0.0000 , 0.0000 , 18.3000, 10.0000, 18.3000, 0.0000 ,
 84.0000, 0.0000 , 0.8400 , 0.0000 , 0.0000 , 0.0000 , 0.0000 , 12.5000, 0.0000 , 12.5000, 12.5000, 0.0000 , -5.9000, 5.9000 , 0.0000 , 2.5000 , 2.5000 , 10.0000, 0.0000 , 0.0000 , 18.4000, 10.0000, 18.4000, 0.0000 ,
 85.0000, 0.0000 , 0.8500 , 0.0000 , 0.0000 , 0.0000 , 0.0000 , 12.5000, 0.0000 , 12.5000, 12.5000, 0.0000 , -6.0000, 6.0000 , 0.0000 , 2.5000 , 2.5000 , 10.0000, 0.0000 , 0.0000 , 18.5000, 10.0000, 18.5000, 0.0000 ,
 86.0000, 0.0000 , 0.8600 , 0.0000 , 0.0000 , 0.0000 , 0.0000 , 12.5000, 0.0000 , 12.5000, 12.5000, 0.0000 , -6.1000, 6.1000 , 0.0000 , 2.5000 , 2.5000 , 10.0000, 0.0000 , 0.0000 , 18.6000, 10.0000, 18.6000, 0.0000 ,
 87.0000, 0.0000 , 0.8700 , 0.0000 , 0.0000 , 0.0000 , 0.0000 , 12.5000, 0.0000 , 12.5000, 12.5000, 0.0000 , -6.2000, 6.2000 , 0.0000 , 2.5000 , 2.5000 , 10.0000, 0.0000 , 0.0000 , 18.7000, 10.0000, 18.7000, 0.0000 ,
 88.0000, 0.0000 , 0.8800 , 0.0000 , 0.0000 , 0.0000 , 0.0000 , 12.5000, 0.0000 , 12.5000, 12.5000, 0.0000 , -6.3000, 6.3000 , 0.0000 , 2.5000 , 2.5000 , 10.0000, 0.0000 , 0.0000 , 18.8000, 10.0000, 18.8000, 0.0000 ,
 89.0000, 0.0000 , 0.8900 , 0.0000 , 0.0000 , 0.0000 , 0.0000 , 12.5000, 0.0000 , 12.5000, 12.5000, 0.0000 , -6.4000, 6.4000 , 0.0000 , 2.5000 , 2.5000 , 10.0000, 0.0000 , 0.0000 , 18.9000, 10.0000, 18.9000, 0.0000 ,
 90.0000, 0.0000 , 0.9000 , 0.0000 , 0.0000 , 0.0000 , 0.0000 , 12.5000, 0.0000 , 12.5000, 12.5000, 0.0000 , -6.5000, 6.5000 , 0.0000 , 2.5000 , 2.5000 , 10.0000, 0.0000 , 0.0000 , 19.0000, 10.0000, 19.0000, 0.0000 ,
 91.0000, 0.0000 , 0.9100 , 0.0000 , 0.0000 , 0.0000 , 0.0000 , 12.5000, 0.0000 , 12.5000, 12.5000, 0.0000 , -6.6000, 6.6000 , 0.0000 , 2.5000 , 2.5000 , 10.0000, 0.0000 , 0.0000 , 19.1000, 10.0000, 19.1000, 0.0000 ,
 92.0000, 0.0000 , 0.9200 , 0.0000 , 0.0000 , 0.0000 , 0.0000 , 12.5000, 0.0000 , 12.5000, 12.5000, 0.0000 , -6.7000, 6.7000 , 0.0000 , 2.5000 , 2.5000 , 10.0000, 0.0000 , 0.0000 , 19.2000, 10.0000, 19.2000, 0.0000 ,
 93.0000, 0.0000 , 0.9300 , 0.0000 , 0.0000 , 0.0000 , 0.0000 , 12.5000, 0.0000 , 12.5000, 12.5000, 0.0000 , -6.8000, 6.8000 , 0.0000 , 2.5000 , 2.5000 , 10.0000, 0.0000 , 0.0000 , 19.3000, 10.0000, 19.3000, 0.0000 ,
 94.0000, 0.0000 , 0.9400 , 0.0000 , 0.0000 , 0.0000 , 0.0000 , 12.5000, 0.0000 , 12.5000, 12.5000, 0.0000 , -6.9000, 6.9000 , 0.0000 , 2.5000 , 2.5000 , 10.0000, 0.0000 , 0.0000 , 19.4000, 10.0000, 19.4000, 0.0000 ,
 95.0000, 0.0000 , 0.9500 , 0.0000 , 0.0000 , 0.0000 , 0.0000 , 12.5000, 0.0000 , 12.5000, 12.5000, 0.0000 , -7.0000, 7.0000 , 0.0000 , 2.5000 , 2.5000 , 10.0000, 0.0000 , 0.0000 , 19.5000, 10.0000, 19.5000, 0.0000 ,
 96.0000, 0.0000 , 0.9600 , 0.0000 , 0.0000 , 0.0000 , 0.0000 , 12.5000, 0.0000 , 12.5000, 12.5000, 0.0000 , -7.1000, 7.1000 , 0.0000 , 2.5000 , 2.5000 , 10.0000, 0.0000 , 0.0000 , 19.6000, 10.0000, 19.6000, 0.0000 ,
 97.0000, 0.0000 , 0.9700 , 0.0000 , 0.0000 , 0.0000 , 0.0000 , 12.5000, 0.0000 , 12.5000, 12.5000, 0.0000 , -7.2000, 7.2000 , 0.0000 , 2.5000 , 2.5000 , 10.0000, 0.0000 , 0.0000 , 19.7000, 10.0000, 19.7000, 0.0000 ,
 98.0000, 0.0000 , 0.9800 , 0.0000 , 0.0000 , 0.0000 , 0.0000 , 12.5000, 0.0000 , 12.5000, 12.5000, 0.0000 , -7.3000, 7.3000 , 0.0000 , 2.5000 , 2.5000 , 10.0000, 0.0000 , 0.0000 , 19.8000, 10.0000, 19.8000, 0.0000 ,
 99.0000, 0.0000 , 0.9900 , 0.0000 , 0.0000 , 0.0000 , 0.0000 , 12.5000, 0.0000 , 12.5000, 12.5000, 0.0000 , -7.4000, 7.4000 , 0.0000 , 2.5000 , 2.5000 , 10.0000, 0.0000 , 0.0000 , 19.9000, 10.0000, 19.9000, 0.0000 ,
 100.0000, 0.0000 , 1.0000 , 0.0000 , 0.0000 , 0.0000 , 0.0000 , 12.5000, 0.0000 , 12.5000, 12.5000, 0.0000 , -7.5000, 7.5000 , 0.0000 , 2.5000 , 2.5000 , 10.0000, 0.0000 , 0.0000 , 20.0000, 10.0000, 20.0000, 0.0000 ,
