D_step,D_exx,D_eyy,D_exy,D_rix,D_riy,D_rjx,D_rjy,D_rr_absx,D_rr_absy,D_rr_abs,D_rr_minx,D_rr_miny,D_rr_min,D_rr_fixx,D_rr_fixy,D_rr_fix,D_v1x,D_v1y,D_v2x,D_v2y,D_Lx,D_Ly,D_Dxy,
0.000000,0.000000,0.000000,0.000000,0.000000,0.000000,0.000000,12.500000,0.000000,12.500000,12.500000,0.000000,2.500000,2.500000,0.000000,2.500000,2.500000,10.000000,0.000000,0.000000,10.000000,10.000000,10.000000,0.000000,
 1.0000 , 0.0000 , 0.0100 , 0.0000 , 0.0000 , 0.0000 , 0.0000 , 12.6250, 0.0000 , 12.6250, 12.6250, 0.0000 , 2.5250 , 2.5250 , 0.0000 , 2.5250 , 2.5250 , 10.0000, 0.0000 , 0.0000 , 10.1000, 10.0000, 10.1000, 0.0000 ,
 2.0000 , 0.0000 , 0.0200 , 0.0000 , 0.0000 , 0.0000 , 0.0000 , 12.7500, 0.0000 , 12.7500, 12.7500, 0.0000 , 2.5500 , 2.5500 , 0.0000 , 2.5500 , 2.5500 , 10.0000, 0.0000 , 0.0000 , 10.2000, 10.0000, 10.2000, 0.0000 ,
 3.0000 , 0.0000 , 0.0300 , 0.0000 , 0.0000 , 0.0000 , 0.0000 , 12.8750, 0.0000 , 12.8750, 12.8750, 0.0000 , 2.5750 , 2.5750 , 0.0000 , 2.5750 , 2.5750 , 10.0000, 0.0000 , 0.0000 , 10.3000, 10.0000, 10.3000, 0.0000 ,
 4.0000 , 0.0000 , 0.0400 , 0.0000 , 0.0000 , 0.0000 , 0.0000 , 13.0000, 0.0000 , 13.0000, 13.0000, 0.0000 , 2.6000 , 2.6000 , 0.0000 , 2.6000 , 2.6000 , 10.0000, 0.0000 , 0.0000 , 10.4000, 10.0000, 10.4000, 0.0000 ,
 5.0000 , 0.0000 , 0.0500 , 0.0000 , 0.0000 , 0.0000 , 0.0000 , 13.1250, 0.0000 , 13.1250, 13.1250, 0.0000 , 2.6250 , 2.6250 , 0.0000 , 2.6250 , 2.6250 , 10.0000, 0.0000 , 0.0000 , 10.5000, 10.0000, 10.5000, 0.0000 ,
 6.0000 , 0.0000 , 0.0600 , 0.0000 , 0.0000 , 0.0000 , 0.0000 , 13.2500, 0.0000 , 13.2500, 13.2500, 0.0000 , 2.6500 , 2.6500 , 0.0000 , 2.6500 , 2.6500 , 10.0000, 0.0000 , 0.0000 , 10.6000, 10.0000, 10.6000, 0.0000 ,
 7.0000 , 0.0000 , 0.0700 , 0.0000 , 0.0000 , 0.0000 , 0.0000 , 13.3750, 0.0000 , 13.3750, 13.3750, 0.0000 , 2.6750 , 2.6750 , 0.0000 , 2.6750 , 2.6750 , 10.0000, 0.0000 , 0.0000 , 10.7000, 10.0000, 10.7000, 0.0000 ,
 8.0000 , 0.0000 , 0.0800 , 0.0000 , 0.0000 , 0.0000 , 0.0000 , 13.5000, 0.0000 , 13.5000, 13.5000, 0.0000 , 2.7000 , 2.7000 , 0.0000 , 2.7000 , 2.7000 , 10.0000, 0.0000 , 0.0000 , 10.8000, 10.0000, 10.8000, 0.0000 ,
 9.0000 , 0.0000 , 0.0900 , 0.0000 , 0.0000 , 0.0000 , 0.0000 , 13.6250, 0.0000 , 13.6250, 13.6250, 0.0000 , 2.7250 , 2.7250 , 0.0000 , 2.7250 , 2.7250 , 10.0000, 0.0000 , 0.0000 , 10.9000, 10.0000, 10.9000, 0.0000 ,
 10.0000, 0.0000 , 0.1000 , 0.0000 , 0.0000 , 0.0000 , 0.0000 , 13.7500, 0.0000 , 13.7500, 13.7500, 0.0000 , 2.7500 , 2.7500 , 0.0000 , 2.7500 , 2.7500 , 10.0000, 0.0000 , 0.0000 , 11.0000, 10.0000, 11.0000, 0.0000 ,
 11.0000, 0.0000 , 0.1100 , 0.0000 , 0.0000 , 0.0000 , 0.0000 , 13.8750, 0.0000 , 13.8750, 13.8750, 0.0000 , 2.7750 , 2.7750 , 0.0000 , 2.7750 , 2.7750 , 10.0000, 0.0000 , 0.0000 , 11.1000, 10.0000, 11.1000, 0.0000 ,
 12.0000, 0.0000 , 0.1200 , 0.0000 , 0.0000 , 0.0000 , 0.0000 , 14.0000, 0.0000 , 14.0000, 14.0000, 0.0000 , 2.8000 , 2.8000 , 0.0000 , 2.8000 , 2.8000 , 10.0000, 0.0000 , 0.0000 , 11.2000, 10.0000, 11.2000, 0.0000 ,
 13.0000, 0.0000 , 0.1300 , 0.0000 , 0.0000 , 0.0000 , 0.0000 , 14.1250, 0.0000 , 14.1250, 14.1250, 0.0000 , 2.8250 , 2.8250 , 0.0000 , 2.8250 , 2.8250 , 10.0000, 0.0000 , 0.0000 , 11.3000, 10.0000, 11.3000, 0.0000 ,
 14.0000, 0.0000 , 0.1400 , 0.0000 , 0.0000 , 0.0000 , 0.0000 , 14.2500, 0.0000 , 14.2500, 14.2500, 0.0000 , 2.8500 , 2.8500 , 0.0000 , 2.8500 , 2.8500 , 10.0000, 0.0000 , 0.0000 , 11.4000, 10.0000, 11.4000, 0.0000 ,
 15.0000, 0.0000 , 0.1500 , 0.0000 , 0.0000 , 0.0000 , 0.0000 , 14.3750, 0.0000 , 14.3750, 14.3750, 0.0000 , 2.8750 , 2.8750 , 0.0000 , 2.8750 , 2.8750 , 10.0000, 0.0000 , 0.0000 , 11.5000, 10.0000, 11.5000, 0.0000 ,
 16.0000, 0.0000 , 0.1600 , 0.0000 , 0.0000 , 0.0000 , 0.0000 , 14.5000, 0.0000 , 14.5000, 14.5000, 0.0000 , 2.9000 , 2.9000 , 0.0000 , 2.9000 , 2.9000 , 10.0000, 0.0000 , 0.0000 , 11.6000, 10.0000, 11.6000, 0.0000 ,
 17.0000, 0.0000 , 0.1700 , 0.0000 , 0.0000 , 0.0000 , 0.0000 , 14.6250, 0.0000 , 14.6250, 14.6250, 0.0000 , 2.9250 , 2.9250 , 0.0000 , 2.9250 , 2.9250 , 10.0000, 0.0000 , 0.0000 , 11.7000, 10.0000, 11.7000, 0.0000 ,
 18.0000, 0.0000 , 0.1800 , 0.0000 , 0.0000 , 0.0000 , 0.0000 , 14.7500, 0.0000 , 14.7500, 14.7500, 0.0000 , 2.9500 , 2.9500 , 0.0000 , 2.9500 , 2.9500 , 10.0000, 0.0000 , 0.0000 , 11.8000, 10.0000, 11.8000, 0.0000 ,
 19.0000, 0.0000 , 0.1900 , 0.0000 , 0.0000 , 0.0000 , 0.0000 , 14.8750, 0.0000 , 14.8750, 14.8750, 0.0000 , 2.9750 , 2.9750 , 0.0000 , 2.9750 , 2.9750 , 10.0000, 0.0000 , 0.0000 , 11.9000, 10.0000, 11.9000, 0.0000 ,
 20.0000, 0.0000 , 0.2000 , 0.0000 , 0.0000 , 0.0000 , 0.0000 , 15.0000, 0.0000 , 15.0000, 15.0000, 0.0000 , 3.0000 , 3.0000 , 0.0000 , 3.0000 , 3.0000 , 10.0000, 0.0000 , 0.0000 , 12.0000, 10.0000, 12.0000, 0.0000 ,
 21.0000, 0.0000 , 0.2100 , 0.0000 , 0.0000 , 0.0000 , 0.0000 , 15.1250, 0.0000 , 15.1250, 15.1250, 0.0000 , 3.0250 , 3.0250 , 0.0000 , 3.0250 , 3.0250 , 10.0000, 0.0000 , 0.0000 , 12.1000, 10.0000, 12.1000, 0.0000 ,
 22.0000, 0.0000 , 0.2200 , 0.0000 , 0.0000 , 0.0000 , 0.0000 , 15.2500, 0.0000 , 15.2500, 15.2500, 0.0000 , 3.0500 , 3.0500 , 0.0000 , 3.0500 , 3.0500 , 10.0000, 0.0000 , 0.0000 , 12.2000, 10.0000, 12.2000, 0.0000 ,
 23.0000, 0.0000 , 0.2300 , 0.0000 , 0.0000 , 0.0000 , 0.0000 , 15.3750, 0.0000 , 15.3750, 15.3750, 0.0000 , 3.0750 , 3.0750 , 0.0000 , 3.0750 , 3.0750 , 10.0000, 0.0000 , 0.0000 , 12.3000, 10.0000, 12.3000, 0.0000 ,
 24.0000, 0.0000 , 0.2400 , 0.0000 , 0.0000 , 0.0000 , 0.0000 , 15.5000, 0.0000 , 15.5000, 15.5000, 0.0000 , 3.1000 , 3.1000 , 0.0000 , 3.1000 , 3.1000 , 10.0000, 0.0000 , 0.0000 , 12.4000, 10.0000, 12.4000, 0.0000 ,
 25.0000, 0.0000 , 0.2500 , 0.0000 , 0.0000 , 0.0000 , 0.0000 , 15.6250, 0.0000 , 15.6250, 15.6250, 0.0000 , 3.1250 , 3.1250 , 0.0000 , 3.1250 , 3.1250 , 10.0000, 0.0000 , 0.0000 , 12.5000, 10.0000, 12.5000, 0.0000 ,
 26.0000, 0.0000 , 0.2600 , 0.0000 , 0.0000 , 0.0000 , 0.0000 , 15.7500, 0.0000 , 15.7500, 15.7500, 0.0000 , 3.1500 , 3.1500 , 0.0000 , 3.1500 , 3.1500 , 10.0000, 0.0000 , 0.0000 , 12.6000, 10.0000, 12.6000, 0.0000 ,
 27.0000, 0.0000 , 0.2700 , 0.0000 , 0.0000 , 0.0000 , 0.0000 , 15.8750, 0.0000 , 15.8750, 15.8750, 0.0000 , 3.1750 , 3.1750 , 0.0000 , 3.1750 , 3.1750 , 10.0000, 0.0000 , 0.0000 , 12.7000, 10.0000, 12.7000, 0.0000 ,
 28.0000, 0.0000 , 0.2800 , 0.0000 , 0.0000 , 0.0000 , 0.0000 , 16.0000, 0.0000 , 16.0000, 16.0000, 0.0000 , 3.2000 , 3.2000 , 0.0000 , 3.2000 , 3.2000 , 10.0000, 0.0000 , 0.0000 , 12.8000, 10.0000, 12.8000, 0.0000 ,
 29.0000, 0.0000 , 0.2900 , 0.0000 , 0.0000 , 0.0000 , 0.0000 , 16.1250, 0.0000 , 16.1250, 16.1250, 0.0000 , 3.2250 , 3.2250 , 0.0000 , 3.2250 , 3.2250 , 10.0000, 0.0000 , 0.0000 , 12.9000, 10.0000, 12.9000, 0.0000 ,
 30.0000, 0.0000 , 0.3000 , 0.0000 , 0.0000 , 0.0000 , 0.0000 , 16.2500, 0.0000 , 16.2500, 16.2500, 0.0000 , 3.2500 , 3.2500 , 0.0000 , 3.2500 , 3.2500 , 10.0000, 0.0000 , 0.0000 , 13.0000, 10.0000, 13.0000, 0.0000 ,
 31.0000, 0.0000 , 0.3100 , 0.0000 , 0.0000 , 0.0000 , 0.0000 , 16.3750, 0.0000 , 16.3750, 16.3750, 0.0000 , 3.2750 , 3.2750 , 0.0000 , 3.2750 , 3.2750 , 10.0000, 0.0000 , 0.0000 , 13.1000, 10.0000, 13.1000, 0.0000 ,
 32.0000, 0.0000 , 0.3200 , 0.0000 , 0.0000 , 0.0000 , 0.0000 , 16.5000, 0.0000 , 16.5000, 16.5000, 0.0000 , 3.3000 , 3.3000 , 0.0000 , 3.3000 , 3.3000 , 10.0000, 0.0000 , 0.0000 , 13.2000, 10.0000, 13.2000, 0.0000 ,
 33.0000, 0.0000 , 0.3300 , 0.0000 , 0.0000 , 0.0000 , 0.0000 , 16.6250, 0.0000 , 16.6250, 16.6250, 0.0000 , 3.3250 , 3.3250 , 0.0000 , 3.3250 , 3.3250 , 10.0000, 0.0000 , 0.0000 , 13.3000, 10.0000, 13.3000, 0.0000 ,
 34.0000, 0.0000 , 0.3400 , 0.0000 , 0.0000 , 0.0000 , 0.0000 , 16.7500, 0.0000 , 16.7500, 16.7500, 0.0000 , 3.3500 , 3.3500 , 0.0000 , 3.3500 , 3.3500 , 10.0000, 0.0000 , 0.0000 , 13.4000, 10.0000, 13.4000, 0.0000 ,
 35.0000, 0.0000 , 0.3500 , 0.0000 , 0.0000 , 0.0000 , 0.0000 , 16.8750, 0.0000 , 16.8750, 16.8750, 0.0000 , 3.3750 , 3.3750 , 0.0000 , 3.3750 , 3.3750 , 10.0000, 0.0000 , 0.0000 , 13.5000, 10.0000, 13.5000, 0.0000 ,
 36.0000, 0.0000 , 0.3600 , 0.0000 , 0.0000 , 0.0000 , 0.0000 , 17.0000, 0.0000 , 17.0000, 17.0000, 0.0000 , 3.4000 , 3.4000 , 0.0000 , 3.4000 , 3.4000 , 10.0000, 0.0000 , 0.0000 , 13.6000, 10.0000, 13.6000, 0.0000 ,
 37.0000, 0.0000 , 0.3700 , 0.0000 , 0.0000 , 0.0000 , 0.0000 , 17.1250, 0.0000 , 17.1250, 17.1250, 0.0000 , 3.4250 , 3.4250 , 0.0000 , 3.4250 , 3.4250 , 10.0000, 0.0000 , 0.0000 , 13.7000, 10.0000, 13.7000, 0.0000 ,
 38.0000, 0.0000 , 0.3800 , 0.0000 , 0.0000 , 0.0000 , 0.0000 , 17.2500, 0.0000 , 17.2500, 17.2500, 0.0000 , 3.4500 , 3.4500 , 0.0000 , 3.4500 , 3.4500 , 10.0000, 0.0000 , 0.0000 , 13.8000, 10.0000, 13.8000, 0.0000 ,
 39.0000, 0.0000 , 0.3900 , 0.0000 , 0.0000 , 0.0000 , 0.0000 , 17.3750, 0.0000 , 17.3750, 17.3750, 0.0000 , 3.4750 , 3.4750 , 0.0000 , 3.4750 , 3.4750 , 10.0000, 0.0000 , 0.0000 , 13.9000, 10.0000, 13.9000, 0.0000 ,
 40.0000, 0.0000 , 0.4000 , 0.0000 , 0.0000 , 0.0000 , 0.0000 , 17.5000, 0.0000 , 17.5000, 17.5000, 0.0000 , 3.5000 , 3.5000 , 0.0000 , 3.5000 , 3.5000 , 10.0000, 0.0000 , 0.0000 , 14.0000, 10.0000, 14.0000, 0.0000 ,
 41.0000, 0.0000 , 0.4100 , 0.0000 , 0.0000 , 0.0000 , 0.0000 , 17.6250, 0.0000 , 17.6250, 17.6250, 0.0000 , 3.5250 , 3.5250 , 0.0000 , 3.5250 , 3.5250 , 10.0000, 0.0000 , 0.0000 , 14.1000, 10.0000, 14.1000, 0.0000 ,
 42.0000, 0.0000 , 0.4200 , 0.0000 , 0.0000 , 0.0000 , 0.0000 , 17.7500, 0.0000 , 17.7500, 17.7500, 0.0000 , 3.5500 , 3.5500 , 0.0000 , 3.5500 , 3.5500 , 10.0000, 0.0000 , 0.0000 , 14.2000, 10.0000, 14.2000, 0.0000 ,
 43.0000, 0.0000 , 0.4300 , 0.0000 , 0.0000 , 0.0000 , 0.0000 , 17.8750, 0.0000 , 17.8750, 17.8750, 0.0000 , 3.5750 , 3.5750 , 0.0000 , 3.5750 , 3.5750 , 10.0000, 0.0000 , 0.0000 , 14.3000, 10.0000, 14.3000, 0.0000 ,
 44.0000, 0.0000 , 0.4400 , 0.0000 , 0.0000 , 0.0000 , 0.0000 , 18.0000, 0.0000 , 18.0000, 18.0000, 0.0000 , 3.6000 , 3.6000 , 0.0000 , 3.6000 , 3.6000 , 10.0000, 0.0000 , 0.0000 , 14.4000, 10.0000, 14.4000, 0.0000 ,
 45.0000, 0.0000 , 0.4500 , 0.0000 , 0.0000 , 0.0000 , 0.0000 , 18.1250, 0.0000 , 18.1250, 18.1250, 0.0000 , 3.6250 , 3.6250 , 0.0000 , 3.6250 , 3.6250 , 10.0000, 0.0000 , 0.0000 , 14.5000, 10.0000, 14.5000, 0.0000 ,
 46.0000, 0.0000 , 0.4600 , 0.0000 , 0.0000 , 0.0000 , 0.0000 , 18.2500, 0.0000 , 18.2500, 18.2500, 0.0000 , 3.6500 , 3.6500 , 0.0000 , 3.6500 , 3.6500 , 10.0000, 0.0000 , 0.0000 , 14.6000, 10.0000, 14.6000, 0.0000 ,
 47.0000, 0.0000 , 0.4700 , 0.0000 , 0.0000 , 0.0000 , 0.0000 , 18.3750, 0.0000 , 18.3750, 18.3750, 0.0000 , 3.6750 , 3.6750 , 0.0000 , 3.6750 , 3.6750 , 10.0000, 0.0000 , 0.0000 , 14.7000, 10.0000, 14.7000, 0.0000 ,
 48.0000, 0.0000 , 0.4800 , 0.0000 , 0.0000 , 0.0000 , 0.0000 , 18.5000, 0.0000 , 18.5000, 18.5000, 0.0000 , 3.7000 , 3.7000 , 0.0000 , 3.7000 , 3.7000 , 10.0000, 0.0000 , 0.0000 , 14.8000, 10.0000, 14.8000, 0.0000 ,
 49.0000, 0.0000 , 0.4900 , 0.0000 , 0.0000 , 0.0000 , 0.0000 , 18.6250, 0.0000 , 18.6250, 18.6250, 0.0000 , 3.7250 , 3.7250 , 0.0000 , 3.7250 , 3.7250 , 10.0000, 0.0000 , 0.0000 , 14.9000, 10.0000, 14.9000, 0.0000 ,
 50.0000, 0.0000 , 0.5000 , 0.0000 , 0.0000 , 0.0000 , 0.0000 , 18.7500, 0.0000 , 18.7500, 18.7500, 0.0000 , 3.7500 , 3.7500 , 0.0000 , 3.7500 , 3.7500 , 10.0000, 0.0000 , 0.0000 , 15.0000, 10.0000, 15.0000, 0.0000 ,
 51.0000, 0.0000 , 0.5100 , 0.0000 , 0.0000 , 0.0000 , 0.0000 , 18.8750, 0.0000 , 18.8750, 18.8750, 0.0000 , 3.7750 , 3.7750 , 0.0000 , 3.7750 , 3.7750 , 10.0000, 0.0000 , 0.0000 , 15.1000, 10.0000, 15.1000, 0.0000 ,
 52.0000, 0.0000 , 0.5200 , 0.0000 , 0.0000 , 0.0000 , 0.0000 , 19.0000, 0.0000 , 19.0000, 19.0000, 0.0000 , 3.8000 , 3.8000 , 0.0000 , 3.8000 , 3.8000 , 10.0000, 0.0000 , 0.0000 , 15.2000, 10.0000, 15.2000, 0.0000 ,
 53.0000, 0.0000 , 0.5300 , 0.0000 , 0.0000 , 0.0000 , 0.0000 , 19.1250, 0.0000 , 19.1250, 19.1250, 0.0000 , 3.8250 , 3.8250 , 0.0000 , 3.8250 , 3.8250 , 10.0000, 0.0000 , 0.0000 , 15.3000, 10.0000, 15.3000, 0.0000 ,
 54.0000, 0.0000 , 0.5400 , 0.0000 , 0.0000 , 0.0000 , 0.0000 , 19.2500, 0.0000 , 19.2500, 19.2500, 0.0000 , 3.8500 , 3.8500 , 0.0000 , 3.8500 , 3.8500 , 10.0000, 0.0000 , 0.0000 , 15.4000, 10.0000, 15.4000, 0.0000 ,
 55.0000, 0.0000 , 0.5500 , 0.0000 , 0.0000 , 0.0000 , 0.0000 , 19.3750, 0.0000 , 19.3750, 19.3750, 0.0000 , 3.8750 , 3.8750 , 0.0000 , 3.8750 , 3.8750 , 10.0000, 0.0000 , 0.0000 , 15.5000, 10.0000, 15.5000, 0.0000 ,
 56.0000, 0.0000 , 0.5600 , 0.0000 , 0.0000 , 0.0000 , 0.0000 , 19.5000, 0.0000 , 19.5000, 19.5000, 0.0000 , 3.9000 , 3.9000 , 0.0000 , 3.9000 , 3.9000 , 10.0000, 0.0000 , 0.0000 , 15.6000, 10.0000, 15.6000, 0.0000 ,
 57.0000, 0.0000 , 0.5700 , 0.0000 , 0.0000 , 0.0000 , 0.0000 , 19.6250, 0.0000 , 19.6250, 19.6250, 0.0000 , 3.9250 , 3.9250 , 0.0000 , 3.9250 , 3.9250 , 10.0000, 0.0000 , 0.0000 , 15.7000, 10.0000, 15.7000, 0.0000 ,
 58.0000, 0.0000 , 0.5800 , 0.0000 , 0.0000 , 0.0000 , 0.0000 , 19.7500, 0.0000 , 19.7500, 19.7500, 0.0000 , 3.9500 , 3.9500 , 0.0000 , 3.9500 , 3.9500 , 10.0000, 0.0000 , 0.0000 , 15.8000, 10.0000, 15.8000, 0.0000 ,
 59.0000, 0.0000 , 0.5900 , 0.0000 , 0.0000 , 0.0000 , 0.0000 , 19.8750, 0.0000 , 19.8750, 19.8750, 0.0000 , 3.9750 , 3.9750 , 0.0000 , 3.9750 , 3.9750 , 10.0000, 0.0000 , 0.0000 , 15.9000, 10.0000, 15.9000, 0.0000 ,
 60.0000, 0.0000 , 0.6000 , 0.0000 , 0.0000 , 0.0000 , 0.0000 , 20.0000, 0.0000 , 20.0000, 20.0000, 0.0000 , 4.0000 , 4.0000 , 0.0000 , 4.0000 , 4.0000 , 10.0000, 0.0000 , 0.0000 , 16.0000, 10.0000, 16.0000, 0.0000 ,
 61.0000, 0.0000 , 0.6100 , 0.0000 , 0.0000 , 0.0000 , 0.0000 , 20.1250, 0.0000 , 20.1250, 20.1250, 0.0000 , 4.0250 , 4.0250 , 0.0000 , 4.0250 , 4.0250 , 10.0000, 0.0000 , 0.0000 , 16.1000, 10.0000, 16.1000, 0.0000 ,
 62.0000, 0.0000 , 0.6200 , 0.0000 , 0.0000 , 0.0000 , 0.0000 , 20.2500, 0.0000 , 20.2500, 20.2500, 0.0000 , 4.0500 , 4.0500 , 0.0000 , 4.0500 , 4.0500 , 10.0000, 0.0000 , 0.0000 , 16.2000, 10.0000, 16.2000, 0.0000 ,
 63.0000, 0.0000 , 0.6300 , 0.0000 , 0.0000 , 0.0000 , 0.0000 , 20.3750, 0.0000 , 20.3750, 20.3750, 0.0000 , 4.0750 , 4.0750 , 0.0000 , 4.0750 , 4.0750 , 10.0000, 0.0000 , 0.0000 , 16.3000, 10.0000, 16.3000, 0.0000 ,
 64.0000, 0.0000 , 0.6400 , 0.0000 , 0.0000 , 0.0000 , 0.0000 , 20.5000, 0.0000 , 20.5000, 20.5000, 0.0000 , 4.1000 , 4.1000 , 0.0000 , 4.1000 , 4.1000 , 10.0000, 0.0000 , 0.0000 , 16.4000, 10.0000, 16.4000, 0.0000 ,
 65.0000, 0.0000 , 0.6500 , 0.0000 , 0.0000 , 0.0000 , 0.0000 , 20.6250, 0.0000 , 20.6250, 20.6250, 0.0000 , 4.1250 , 4.1250 , 0.0000 , 4.1250 , 4.1250 , 10.0000, 0.0000 , 0.0000 , 16.5000, 10.0000, 16.5000, 0.0000 ,
 66.0000, 0.0000 , 0.6600 , 0.0000 , 0.0000 , 0.0000 , 0.0000 , 20.7500, 0.0000 , 20.7500, 20.7500, 0.0000 , 4.1500 , 4.1500 , 0.0000 , 4.1500 , 4.1500 , 10.0000, 0.0000 , 0.0000 , 16.6000, 10.0000, 16.6000, 0.0000 ,
 67.0000, 0.0000 , 0.6700 , 0.0000 , 0.0000 , 0.0000 , 0.0000 , 20.8750, 0.0000 , 20.8750, 20.8750, 0.0000 , 4.1750 , 4.1750 , 0.0000 , 4.1750 , 4.1750 , 10.0000, 0.0000 , 0.0000 , 16.7000, 10.0000, 16.7000, 0.0000 ,
 68.0000, 0.0000 , 0.6800 , 0.0000 , 0.0000 , 0.0000 , 0.0000 , 21.0000, 0.0000 , 21.0000, 21.0000, 0.0000 , 4.2000 , 4.2000 , 0.0000 , 4.2000 , 4.2000 , 10.0000, 0.0000 , 0.0000 , 16.8000, 10.0000, 16.8000, 0.0000 ,
 69.0000, 0.0000 , 0.6900 , 0.0000 , 0.0000 , 0.0000 , 0.0000 , 21.1250, 0.0000 , 21.1250, 21.1250, 0.0000 , 4.2250 , 4.2250 , 0.0000 , 4.2250 , 4.2250 , 10.0000, 0.0000 , 0.0000 , 16.9000, 10.0000, 16.9000, 0.0000 ,
 70.0000, 0.0000 , 0.7000 , 0.0000 , 0.0000 , 0.0000 , 0.0000 , 21.2500, 0.0000 , 21.2500, 21.2500, 0.0000 , 4.2500 , 4.2500 , 0.0000 , 4.2500 , 4.2500 , 10.0000, 0.0000 , 0.0000 , 17.0000, 10.0000, 17.0000, 0.0000 ,
 71.0000, 0.0000 , 0.7100 , 0.0000 , 0.0000 , 0.0000 , 0.0000 , 21.3750, 0.0000 , 21.3750, 21.3750, 0.0000 , 4.2750 , 4.2750 , 0.0000 , 4.2750 , 4.2750 , 10.0000, 0.0000 , 0.0000 , 17.1000, 10.0000, 17.1000, 0.0000 ,
 72.0000, 0.0000 , 0.7200 , 0.0000 , 0.0000 , 0.0000 , 0.0000 , 21.5000, 0.0000 , 21.5000, 21.5000, 0.0000 , 4.3000 , 4.3000 , 0.0000 , 4.3000 , 4.3000 , 10.0000, 0.0000 , 0.0000 , 17.2000, 10.0000, 17.2000, 0.0000 ,
 73.0000, 0.0000 , 0.7300 , 0.0000 , 0.0000 , 0.0000 , 0.0000 , 21.6250, 0.0000 , 21.6250, 21.6250, 0.0000 , 4.3250 , 4.3250 , 0.0000 , 4.3250 , 4.3250 , 10.0000, 0.0000 , 0.0000 , 17.3000, 10.0000, 17.3000, 0.0000 ,
 74.0000, 0.0000 , 0.7400 , 0.0000 , 0.0000 , 0.0000 , 0.0000 , 21.7500, 0.0000 , 21.7500, 21.7500, 0.0000 , 4.3500 , 4.3500 , 0.0000 , 4.3500 , 4.3500 , 10.0000, 0.0000 , 0.0000 , 17.4000, 10.0000, 17.4000, 0.0000 ,
 75.0000, 0.0000 , 0.7500 , 0.0000 , 0.0000 , 0.0000 , 0.0000 , 21.8750, 0.0000 , 21.8750, 21.8750, 0.0000 , 4.3750 , 4.3750 , 0.0000 , 4.3750 , 4.3750 , 10.0000, 0.0000 , 0.0000 , 17.5000, 10.0000, 17.5000, 0.0000 ,
 76.0000, 0.0000 , 0.7600 , 0.0000 , 0.0000 , 0.0000 , 0.0000 , 22.0000, 0.0000 , 22.0000, 22.0000, 0.0000 , 4.4000 , 4.4000 , 0.0000 , 4.4000 , 4.4000 , 10.0000, 0.0000 , 0.0000 , 17.6000, 10.0000, 17.6000, 0.0000 ,
 77.0000, 0.0000 , 0.7700 , 0.0000 , 0.0000 , 0.0000 , 0.0000 , 22.1250, 0.0000 , 22.1250, 22.1250, 0.0000 , 4.4250 , 4.4250 , 0.0000 , 4.4250 , 4.4250 , 10.0000, 0.0000 , 0.0000 , 17.7000, 10.0000, 17.7000, 0.0000 ,
 78.0000, 0.0000 , 0.7800 , 0.0000 , 0.0000 , 0.0000 , 0.0000 , 22.2500, 0.0000 , 22.2500, 22.2500, 0.0000 , 4.4500 , 4.4500 , 0.0000 , 4.4500 , 4.4500 , 10.0000, 0.0000 , 0.0000 , 17.8000, 10.0000, 17.8000, 0.0000 ,
 79.0000, 0.0000 , 0.7900 , 0.0000 , 0.0000 , 0.0000 , 0.0000 , 22.3750, 0.0000 , 22.3750, 22.3750, 0.0000 , 4.4750 , 4.4750 , 0.0000 , 4.4750 , 4.4750 , 10.0000, 0.0000 , 0.0000 , 17.9000, 10.0000, 17.9000, 0.0000 ,
 80.0000, 0.0000 , 0.8000 , 0.0000 , 0.0000 , 0.0000 , 0.0000 , 22.5000, 0.0000 , 22.5000, 22.5000, 0.0000 , 4.5000 , 4.5000 , 0.0000 , 4.5000 , 4.5000 , 10.0000, 0.0000 , 0.0000 , 18.0000, 10.0000, 18.0000, 0.0000 ,
 81.0000, 0.0000 , 0.8100 , 0.0000 , 0.0000 , 0.0000 , 0.0000 , 22.6250, 0.0000 , 22.6250, 22.6250, 0.0000 , 4.5250 , 4.5250 , 0.0000 , 4.5250 , 4.5250 , 10.0000, 0.0000 , 0.0000 , 18.1000, 10.0000, 18.1000, 0.0000 ,
 82.0000, 0.0000 , 0.8200 , 0.0000 , 0.0000 , 0.0000 , 0.0000 , 22.7500, 0.0000 , 22.7500, 22.7500, 0.0000 , 4.5500 , 4.5500 , 0.0000 , 4.5500 , 4.5500 , 10.0000, 0.0000 , 0.0000 , 18.2000, 10.0000, 18.2000, 0.0000 ,
 83.0000, 0.0000 , 0.8300 , 0.0000 , 0.0000 , 0.0000 , 0.0000 , 22.8750, 0.0000 , 22.8750, 22.8750, 0.0000 , 4.5750 , 4.5750 , 0.0000 , 4.5750 , 4.5750 , 10.0000, 0.0000 , 0.0000 , 18.3000, 10.0000, 18.3000, 0.0000 ,
 84.0000, 0.0000 , 0.8400 , 0.0000 , 0.0000 , 0.0000 , 0.0000 , 23.0000, 0.0000 , 23.0000, 23.0000, 0.0000 , 4.6000 , 4.6000 , 0.0000 , 4.6000 , 4.6000 , 10.0000, 0.0000 , 0.0000 , 18.4000, 10.0000, 18.4000, 0.0000 ,
 85.0000, 0.0000 , 0.8500 , 0.0000 , 0.0000 , 0.0000 , 0.0000 , 23.1250, 0.0000 , 23.1250, 23.1250, 0.0000 , 4.6250 , 4.6250 , 0.0000 , 4.6250 , 4.6250 , 10.0000, 0.0000 , 0.0000 , 18.5000, 10.0000, 18.5000, 0.0000 ,
 86.0000, 0.0000 , 0.8600 , 0.0000 , 0.0000 , 0.0000 , 0.0000 , 23.2500, 0.0000 , 23.2500, 23.2500, 0.0000 , 4.6500 , 4.6500 , 0.0000 , 4.6500 , 4.6500 , 10.0000, 0.0000 , 0.0000 , 18.6000, 10.0000, 18.6000, 0.0000 ,
 87.0000, 0.0000 , 0.8700 , 0.0000 , 0.0000 , 0.0000 , 0.0000 , 23.3750, 0.0000 , 23.3750, 23.3750, 0.0000 , 4.6750 , 4.6750 , 0.0000 , 4.6750 , 4.6750 , 10.0000, 0.0000 , 0.0000 , 18.7000, 10.0000, 18.7000, 0.0000 ,
 88.0000, 0.0000 , 0.8800 , 0.0000 , 0.0000 , 0.0000 , 0.0000 , 23.5000, 0.0000 , 23.5000, 23.5000, 0.0000 , 4.7000 , 4.7000 , 0.0000 , 4.7000 , 4.7000 , 10.0000, 0.0000 , 0.0000 , 18.8000, 10.0000, 18.8000, 0.0000 ,
 89.0000, 0.0000 , 0.8900 , 0.0000 , 0.0000 , 0.0000 , 0.0000 , 23.6250, 0.0000 , 23.6250, 23.6250, 0.0000 , 4.7250 , 4.7250 , 0.0000 , 4.7250 , 4.7250 , 10.0000, 0.0000 , 0.0000 , 18.9000, 10.0000, 18.9000, 0.0000 ,
 90.0000, 0.0000 , 0.9000 , 0.0000 , 0.0000 , 0.0000 , 0.0000 , 23.7500, 0.0000 , 23.7500, 23.7500, 0.0000 , 4.7500 , 4.7500 , 0.0000 , 4.7500 , 4.7500 , 10.0000, 0.0000 , 0.0000 , 19.0000, 10.0000, 19.0000, 0.0000 ,
 91.0000, 0.0000 , 0.9100 , 0.0000 , 0.0000 , 0.0000 , 0.0000 , 23.8750, 0.0000 , 23.8750, 23.8750, 0.0000 , 4.7750 , 4.7750 , 0.0000 , 4.7750 , 4.7750 , 10.0000, 0.0000 , 0.0000 , 19.1000, 10.0000, 19.1000, 0.0000 ,
 92.0000, 0.0000 , 0.9200 , 0.0000 , 0.0000 , 0.0000 , 0.0000 , 24.0000, 0.0000 , 24.0000, 24.0000, 0.0000 , 4.8000 , 4.8000 , 0.0000 , 4.8000 , 4.8000 , 10.0000, 0.0000 , 0.0000 , 19.2000, 10.0000, 19.2000, 0.0000 ,
 93.0000, 0.0000 , 0.9300 , 0.0000 , 0.0000 , 0.0000 , 0.0000 , 24.1250, 0.0000 , 24.1250, 24.1250, 0.0000 , 4.8250 , 4.8250 , 0.0000 , 4.8250 , 4.8250 , 10.0000, 0.0000 , 0.0000 , 19.3000, 10.0000, 19.3000, 0.0000 ,
 94.0000, 0.0000 , 0.9400 , 0.0000 , 0.0000 , 0.0000 , 0.0000 , 24.2500, 0.0000 , 24.2500, 24.2500, 0.0000 , 4.8500 , 4.8500 , 0.0000 , 4.8500 , 4.8500 , 10.0000, 0.0000 , 0.0000 , 19.4000, 10.0000, 19.4000, 0.0000 ,
 95.0000, 0.0000 , 0.9500 , 0.0000 , 0.0000 , 0.0000 , 0.0000 , 24.3750, 0.0000 , 24.3750, 24.3750, 0.0000 , 4.8750 , 4.8750 , 0.0000 , 4.8750 , 4.8750 , 10.0000, 0.0000 , 0.0000 , 19.5000, 10.0000, 19.5000, 0.0000 ,
 96.0000, 0.0000 , 0.9600 , 0.0000 , 0.0000 , 0.0000 , 0.0000 , 24.5000, 0.0000 , 24.5000, 24.5000, 0.0000 , 4.9000 , 4.9000 , 0.0000 , 4.9000 , 4.9000 , 10.0000, 0.0000 , 0.0000 , 19.6000, 10.0000, 19.6000, 0.0000 ,
 97.0000, 0.0000 , 0.9700 , 0.0000 , 0.0000 , 0.0000 , 0.0000 , 24.6250, 0.0000 , 24.6250, 24.6250, 0.0000 , 4.9250 , 4.9250 , 0.0000 , 4.9250 , 4.9250 , 10.0000, 0.0000 , 0.0000 , 19.7000, 10.0000, 19.7000, 0.0000 ,
 98.0000, 0.0000 , 0.9800 , 0.0000 , 0.0000 , 0.0000 , 0.0000 , 24.7500, 0.0000 , 24.7500, 24.7500, 0.0000 , 4.9500 , 4.9500 , 0.0000 , 4.9500 , 4.9500 , 10.0000, 0.0000 , 0.0000 , 19.8000, 10.0000, 19.8000, 0.0000 ,
 99.0000, 0.0000 , 0.9900 , 0.0000 , 0.0000 , 0.0000 , 0.0000 , 24.8750, 0.0000 , 24.8750, 24.8750, 0.0000 , 4.9750 , 4.9750 , 0.0000 , 4.9750 , 4.9750 , 10.0000, 0.0000 , 0.0000 , 19.9000, 10.0000, 19.9000, 0.0000 ,
 100.0000, 0.0000 , 1.0000 , 0.0000 , 0.0000 , 0.0000 , 0.0000 , 25.0000, 0.0000 , 25.0000, 25.0000, 0.0000 , 5.0000 , 5.0000 , 0.0000 , 5.0000 , 5.0000 , 10.0000, 0.0000 , 0.0000 , 20.0000, 10.0000, 20.0000, 0.0000 ,
